Workbook

Sheet Datos_Originales
B2: carga_kN | C2: deflexion_medida_mm | E2: Parámetros del caso - viga simplemente apoyada
B3: 0 | C3: 0
B4: 5 | C4: 0.26 | E4: Parámetro | F4: Valor | G4: Unidad | H4: Descripción
B5: 10 | C5: 0.5 | E5: L | F5: 4 | G5: m | H5: Luz entre apoyos
B6: 15 | C6: 0.76 | E6: b | F6: 0.2 | G6: m | H6: Ancho de la sección rectangular
B7: 20 | C7: 1.01 | E7: h | F7: 0.4 | G7: m | H7: Altura de la sección rectangular
B8: 25 | C8: 1.28 | E8: E | F8: 25 | G8: GPa | H8: Módulo de elasticidad para el ejercicio
B9: 30 | C9: 1.54 | E9: Configuración | F9: Carga puntual centrada | G9: - | H9: Viga simplemente apoyada
B10: 35 | C10: 1.77
B11: 40 | C11: 2.05
E12: Nota | F12: Los datos de deflexión son sintéticos y se entregan exclusivamente con fines docentes.

Sheet Calculos
B4: Parámetro | C4: Símbolo | D4: Valor Original | E4: Unidad Original | F4: Factor a SI | G4: Valor SI | H4: Unidad SI | J4: Carga P (kN) | K4: Carga P (N) | L4: Deflexión Medida (mm) | M4: Deflexión Medida (m) | N4: Deflexión Teórica (m) | O4: Deflexión Teórica (mm) | P4: Diferencia (mm) | Q4: Diferencia Relativa (%) | R4: Verificación δ/P (mm/kN)
B5: Luz entre apoyos | C5: L | D5: 4 | E5: m | F5: 1 | G5: 4 | H5: m | J5: 0 | K5: =1000*Datos_Originales!B3 -> 0 | L5: =Datos_Originales!C3 -> 0 | M5: =L5/1000 -> 0 | N5: =((K5*$G$5^3)/(48*$G$8*$E$12)) -> 0 | O5: =N5*1000 -> 0 | P5: =ROUND(ABS(L5-O5), 6) -> 0 | Q5: 0 | R5: 0
B6: Ancho de sección | C6: b | D6: 0.2 | E6: m | F6: 1 | G6: 0.2 | H6: m | J6: 5 | K6: =1000*Datos_Originales!B4 -> 5000 | L6: =Datos_Originales!C4 -> 0.26 | M6: =L6/1000 -> 0.00026 | N6: =((K6*$G$5^3)/(48*$G$8*$E$12)) -> 0.00025 | O6: =N6*1000 -> 0.25 | P6: =ROUND(ABS(L6-O6), 6) -> 0.01 | Q6: =(M6-N6)/N6 -> 0.04 | R6: =L6/(K6/1000) -> 0.052
B7: Altura de sección | C7: h | D7: 0.4 | E7: m | F7: 1 | G7: 0.4 | H7: m | J7: 10 | K7: =1000*Datos_Originales!B5 -> 10000 | L7: =Datos_Originales!C5 -> 0.5 | M7: =L7/1000 -> 0.0005 | N7: =((K7*$G$5^3)/(48*$G$8*$E$12)) -> 0.0005 | O7: =N7*1000 -> 0.5 | P7: =ROUND(ABS(L7-O7), 6) -> 0 | Q7: =(M7-N7)/N7 -> 2.1684043e-16 | R7: =L7/(K7/1000) -> 0.05
B8: Módulo elasticidad | C8: E | D8: 25 | E8: GPa | F8: 1000000000 | G8: 25000000000 | H8: Pa | J8: 15 | K8: =1000*Datos_Originales!B6 -> 15000 | L8: =Datos_Originales!C6 -> 0.76 | M8: =L8/1000 -> 0.00076 | N8: =((K8*$G$5^3)/(48*$G$8*$E$12)) -> 0.00075 | O8: =N8*1000 -> 0.75 | P8: =ROUND(ABS(L8-O8), 6) -> 0.01 | Q8: =(M8-N8)/N8 -> 0.013333333 | R8: =L8/(K8/1000) -> 0.050666667
J9: 20 | K9: =1000*Datos_Originales!B7 -> 20000 | L9: =Datos_Originales!C7 -> 1.01 | M9: =L9/1000 -> 0.00101 | N9: =((K9*$G$5^3)/(48*$G$8*$E$12)) -> 0.001 | O9: =N9*1000 -> 1 | P9: =ROUND(ABS(L9-O9), 6) -> 0.01 | Q9: =(M9-N9)/N9 -> 0.01 | R9: =L9/(K9/1000) -> 0.0505
J10: 25 | K10: =1000*Datos_Originales!B8 -> 25000 | L10: =Datos_Originales!C8 -> 1.28 | M10: =L10/1000 -> 0.00128 | N10: =((K10*$G$5^3)/(48*$G$8*$E$12)) -> 0.00125 | O10: =N10*1000 -> 1.25 | P10: =ROUND(ABS(L10-O10), 6) -> 0.03 | Q10: =(M10-N10)/N10 -> 0.024 | R10: =L10/(K10/1000) -> 0.0512
B11: Parámetro Calculado | C11: Símbolo | D11: Ecuación utilizada | E11: Valor Resultante | F11: Unidad | J11: 30 | K11: =1000*Datos_Originales!B9 -> 30000 | L11: =Datos_Originales!C9 -> 1.54 | M11: =L11/1000 -> 0.00154 | N11: =((K11*$G$5^3)/(48*$G$8*$E$12)) -> 0.0015 | O11: =N11*1000 -> 1.5 | P11: =ROUND(ABS(L11-O11), 6) -> 0.04 | Q11: =(M11-N11)/N11 -> 0.026666667 | R11: =L11/(K11/1000) -> 0.051333333
B12: Inercia de la sección | C12: I | D12: (b*h^3)/12 | E12: =(G6*((G7)^3))/12 -> 0.0010666667 | F12: m^4 | J12: 35 | K12: =1000*Datos_Originales!B10 -> 35000 | L12: =Datos_Originales!C10 -> 1.77 | M12: =L12/1000 -> 0.00177 | N12: =((K12*$G$5^3)/(48*$G$8*$E$12)) -> 0.00175 | O12: =N12*1000 -> 1.75 | P12: =ROUND(ABS(L12-O12), 6) -> 0.02 | Q12: =(M12-N12)/N12 -> 0.011428571 | R12: =L12/(K12/1000) -> 0.050571429
J13: 40 | K13: =1000*Datos_Originales!B11 -> 40000 | L13: =Datos_Originales!C11 -> 2.05 | M13: =L13/1000 -> 0.00205 | N13: =((K13*$G$5^3)/(48*$G$8*$E$12)) -> 0.002 | O13: =N13*1000 -> 2 | P13: =ROUND(ABS(L13-O13), 6) -> 0.05 | Q13: =(M13-N13)/N13 -> 0.025 | R13: =L13/(K13/1000) -> 0.05125

Sheet carga_deflexion
B3: carga_kN | C3: Datos medidos | D3: Predicción teórica
B4: 0 | C4: =Datos_Originales!C3 -> 0 | D4: =Calculos!O5 -> 0
B5: 5 | C5: =Datos_Originales!C4 -> 0.26 | D5: =Calculos!O6 -> 0.25
B6: 10 | C6: =Datos_Originales!C5 -> 0.5 | D6: =Calculos!O7 -> 0.5
B7: 15 | C7: =Datos_Originales!C6 -> 0.76 | D7: =Calculos!O8 -> 0.75
B8: 20 | C8: =Datos_Originales!C7 -> 1.01 | D8: =Calculos!O9 -> 1
B9: 25 | C9: =Datos_Originales!C8 -> 1.28 | D9: =Calculos!O10 -> 1.25
B10: 30 | C10: =Datos_Originales!C9 -> 1.54 | D10: =Calculos!O11 -> 1.5
B11: 35 | C11: =Datos_Originales!C10 -> 1.77 | D11: =Calculos!O12 -> 1.75
B12: 40 | C12: =Datos_Originales!C11 -> 2.05 | D12: =Calculos!O13 -> 2
